{"cameraMode":{"drawMode":0,"name":"Shaded","section":"Shading Mode"},"sceneLighting":true,"audioPlay":false,"sceneViewState":{"showFog":true,"showMaterialUpdate":false,"showSkybox":true,"showFlares":true,"showImageEffects":true,"showParticleSystems":true},"in2DMode":false,"pivot":{"x":3.4642605781555177,"y":1.4663681983947755,"z":-3.3736095428466799},"rotation":{"x":-0.0011824745452031494,"y":0.007484447676688433,"z":0.000009610353117750492,"w":0.999971330165863},"size":2.8578836917877199,"orthographic":false}